CustomerID,Similarity_Score
C0001,0.103213795
C0002,0.096929654
C0003,0.11692647
C0004,0.06332859
C0005,0.10210197
C0006,0.054948404
C0007,0.102154806
C0008,0.057102453
C0009,0.08426084
C0010,0.08763104
C0011,0.103157565
C0012,0.0688198
C0013,0.063502215
C0014,0.07789813
C0015,0.09690681
C0016,0.08456499
C0017,0.12085753
C0018,0.10386492
C0019,0.12980151
C0020,0.10208158
